Journal Title,ISSN (Print),ISSN (Online),Categories
Immunological medicine.,,2578-5826,Allergy and Immunology
Journal of immunology research.,2314-8861,2314-7156,Allergy and Immunology
Science immunology.,,2470-9468,Allergy and Immunology
ImmunoHorizons.,,2573-7732,Allergy and Immunology
Human vaccines & immunotherapeutics.,2164-5515,2164-554X,Allergy and Immunology
The journal of allergy and clinical immunology. In practice.,2213-2198,2213-2201,Allergy and Immunology
Frontiers in immunology.,,1664-3224,Allergy and Immunology
Mucosal immunology.,1933-0219,1935-3456,Allergy and Immunology
Journal of innate immunity.,1662-811X,1662-8128,Allergy and Immunology
mAbs.,1942-0862,1942-0870,Allergy and Immunology
Expert review of clinical immunology.,1744-666X,1744-8409,Allergy and Immunology
Cellular & molecular immunology.,1672-7681,2042-0226,Allergy and Immunology
Iranian journal of immunology : IJI.,1735-1383,1735-367X,Allergy and Immunology
European annals of allergy and clinical immunology.,1764-1489,,Allergy and Immunology
Autoimmunity reviews.,1568-9972,1873-0183,Allergy and Immunology
Expert review of vaccines.,1476-0584,1744-8395,Allergy and Immunology
Lymphatic research and biology.,1539-6851,1557-8585,Allergy and Immunology
Current opinion in allergy and clinical immunology.,1528-4050,1473-6322,Allergy and Immunology
Journal of immunoassay & immunochemistry.,1532-1819,1532-4230,Allergy and Immunology
Trends in immunology.,1471-4906,1471-4981,Allergy and Immunology
BMC immunology.,,1471-2172,Allergy and Immunology
Nature reviews. Immunology.,1474-1733,1474-1741,Allergy and Immunology
"Iranian journal of allergy, asthma, and immunology.",1735-1502,1735-5249,Allergy and Immunology
Clinical immunology : the official journal of the Clinical Immunology Society.,1521-6616,1521-7035,Allergy and Immunology
Nature immunology.,1529-2908,1529-2916,Allergy and Immunology
Human antibodies.,1093-2607,1875-869X,Allergy and Immunology
Allergology international : official journal of the Japanese Society of Allergology.,1323-8930,1440-1592,Allergy and Immunology
Xi bao yu fen zi mian yi xue za zhi = Chinese journal of cellular and molecular immunology.,1007-8738,,Allergy and Immunology
Immunity.,1074-7613,1097-4180,Allergy and Immunology
"Revista alergia Mexico : organo oficial de la Sociedad Mexicana de Alergia e Inmunología, A.C.",0002-5151,2448-9190,Allergy and Immunology
Clinical reviews in allergy & immunology.,1080-0549,1559-0267,Allergy and Immunology
Journal of interferon & cytokine research : the official journal of the International Society for Interferon and Cytokine Research.,1079-9907,1557-7465,Allergy and Immunology
International archives of allergy and immunology.,1018-2438,1423-0097,Allergy and Immunology
European cytokine network.,1148-5493,1952-4005,Allergy and Immunology
Journal of investigational allergology & clinical immunology.,1018-9068,,Allergy and Immunology
The Egyptian journal of immunology,1110-4902,2090-2506,Allergy and Immunology
Journal of autoimmunity.,0896-8411,1095-9157,Allergy and Immunology
Autoimmunity.,0891-6934,1607-842X,Allergy and Immunology
Current opinion in immunology.,0952-7915,1879-0372,Allergy and Immunology
Clinical and experimental allergy : journal of the British Society for Allergy and Clinical Immunology.,0954-7894,1365-2222,Allergy and Immunology
International immunology.,0953-8178,1460-2377,Allergy and Immunology
Cytokine.,1043-4666,1096-0023,Allergy and Immunology
Seminars in immunology.,1044-5323,1096-3618,Allergy and Immunology
International reviews of immunology.,0883-0185,1563-5244,Allergy and Immunology
Immunology and allergy clinics of North America.,0889-8561,1557-8607,Allergy and Immunology
Journal of leukocyte biology.,0741-5400,1938-3673,Allergy and Immunology
Immunological investigations.,0882-0139,1532-4311,Allergy and Immunology
Immunologic research.,0257-277X,1559-0755,Allergy and Immunology
Journal of clinical immunology.,0271-9142,1573-2592,Allergy and Immunology
Annual review of immunology.,0732-0582,1545-3278,Allergy and Immunology
Asian Pacific journal of allergy and immunology,0125-877X,,Allergy and Immunology
Vaccine.,0264-410X,1873-2518,Allergy and Immunology
Immunology letters.,0165-2478,1879-0542,Allergy and Immunology
Immunobiology.,0171-2985,1878-3279,Allergy and Immunology
Human immunology.,0198-8859,1879-1166,Allergy and Immunology
Critical reviews in immunology.,1040-8401,2162-6472,Allergy and Immunology
Developmental and comparative immunology.,0145-305X,1879-0089,Allergy and Immunology
Allergy.,0105-4538,1398-9995,Allergy and Immunology
Scandinavian journal of immunology.,0300-9475,1365-3083,Allergy and Immunology
European journal of immunology.,0014-2980,1521-4141,Allergy and Immunology
The Journal of allergy and clinical immunology.,0091-6749,1097-6825,Allergy and Immunology
Clinical and experimental immunology.,0009-9104,1365-2249,Allergy and Immunology
Lymphology.,0024-7766,2522-7963,Allergy and Immunology
Archivum immunologiae et therapiae experimentalis.,0004-069X,1661-4917,Allergy and Immunology
Advances in immunology.,0065-2776,1557-8445,Allergy and Immunology
Immunology.,0019-2805,1365-2567,Allergy and Immunology
Arerugī = [Allergy].,0021-4884,1347-7935,Allergy and Immunology
The Journal of immunology : official journal of the American Association of Immunologists.,0022-1767,1550-6606,Allergy and Immunology
Innate immunity.,1753-4259,1753-4267,Allergy and Immunology; Bacteriology
Cytokine & growth factor reviews.,1359-6101,1879-0305,Allergy and Immunology; Biochemistry
"Brain, behavior, and immunity.",0889-1591,1090-2139,Allergy and Immunology; Brain; Psychophysiology
Immunology and cell biology.,0818-9641,1440-1711,Allergy and Immunology; Cell Biology
Cellular immunology.,0008-8749,1090-2163,Allergy and Immunology; Cell Biology
Monoclonal antibodies in immunodiagnosis and immunotherapy.,,2167-9436,Allergy and Immunology; Cell Biology; Clinical Laboratory Techniques
Journal of immunological methods.,0022-1759,1872-7905,Allergy and Immunology; Clinical Laboratory Techniques
"Immunity, inflammation and disease.",,2050-4527,Allergy and Immunology; Communicable Diseases
Infection and immunity.,0019-9567,1098-5522,Allergy and Immunology; Communicable Diseases
Infection.,0300-8126,1439-0973,Allergy and Immunology; Communicable Diseases
"Comparative immunology, microbiology and infectious diseases.",0147-9571,1878-1667,Allergy and Immunology; Communicable Diseases; Microbiology; Veterinary Medicine
"Photodermatology, photoimmunology & photomedicine.",0905-4383,1600-0781,Allergy and Immunology; Dermatology
"Endocrine, metabolic & immune disorders drug targets.",1871-5303,2212-3873,Allergy and Immunology; Drug Therapy; Endocrinology; Metabolism
"BioDrugs : clinical immunotherapeutics, biopharmaceuticals and gene therapy.",1173-8804,1179-190X,"Allergy and Immunology; Drug Therapy; Genetics, Medical; Therapeutics"
Anti-inflammatory & anti-allergy agents in medicinal chemistry.,1871-5230,1875-614X,Allergy and Immunology; Drug Therapy; Pharmacology
"Epidemiologie, mikrobiologie, imunologie : casopis Spolecnosti pro epidemiologii a mikrobiologii Ceské lékarské spolecnosti J.E. Purkyne.",1210-7913,,Allergy and Immunology; Epidemiology; Microbiology
International journal of immunogenetics.,1744-3121,1744-313X,Allergy and Immunology; Genetics
Immunogenetics.,0093-7711,1432-1211,Allergy and Immunology; Genetics
HLA.,2059-2302,2059-2310,"Allergy and Immunology; Genetics, Medical"
Immunohematology,0894-203X,1930-3955,Allergy and Immunology; Hematology
Blood cancer journal.,,2044-5385,Allergy and Immunology; Hematology; Neoplasms
The Journal of experimental medicine.,0022-1007,1540-9538,Allergy and Immunology; Medicine
"Journal of microbiology, immunology, and infection = Wei mian yu gan ran za zhi.",1684-1182,1995-9133,Allergy and Immunology; Microbiology
Acta microbiologica et immunologica Hungarica.,1217-8950,1588-2640,Allergy and Immunology; Microbiology
Microbiology and immunology.,0385-5600,1348-0421,Allergy and Immunology; Microbiology
Medical microbiology and immunology.,0300-8584,1432-1831,Allergy and Immunology; Microbiology
Current topics in microbiology and immunology.,0070-217X,2196-9965,Allergy and Immunology; Microbiology
Antonie van Leeuwenhoek.,0003-6072,1572-9699,Allergy and Immunology; Microbiology
"APMIS : acta pathologica, microbiologica, et immunologica Scandinavica.",0903-4641,1600-0463,Allergy and Immunology; Microbiology; Pathology
Genes and immunity.,1466-4879,1476-5470,Allergy and Immunology; Molecular Biology
Molecular immunology.,0161-5890,1872-9142,Allergy and Immunology; Molecular Biology
Oncoimmunology.,2162-4011,2162-402X,Allergy and Immunology; Neoplasms
Cancer immunology research.,2326-6066,2326-6074,Allergy and Immunology; Neoplasms
Journal of immunotherapy.,1524-9557,1537-4513,Allergy and Immunology; Neoplasms; Therapeutics
"Cancer immunology, immunotherapy : CII.",0340-7004,1432-0851,Allergy and Immunology; Neoplasms; Therapeutics
Neuroimmunomodulation.,1021-7401,1423-0216,Allergy and Immunology; Neurology
Journal of neuroimmunology.,0165-5728,1872-8421,Allergy and Immunology; Neurology
Journal of neuroimmune pharmacology : the official journal of the Society on NeuroImmune Pharmacology.,1557-1890,1557-1904,Allergy and Immunology; Neurology; Pharmacology
Ocular immunology and inflammation.,0927-3948,1744-5078,Allergy and Immunology; Ophthalmology
International forum of allergy & rhinology.,2042-6976,2042-6984,Allergy and Immunology; Otolaryngology
American journal of rhinology & allergy.,1945-8924,1945-8932,Allergy and Immunology; Otolaryngology
Parasite immunology.,0141-9838,1365-3024,Allergy and Immunology; Parasitology
Seminars in immunopathology.,1863-2297,1863-2300,Allergy and Immunology; Pathology
Inflammation research : official journal of the European Histamine Research Society ... [et al.].,1023-3830,1420-908X,Allergy and Immunology; Pathology
Inflammation.,0360-3997,1573-2576,Allergy and Immunology; Pathology
International journal of immunopathology and pharmacology.,0394-6320,2058-7384,Allergy and Immunology; Pathology; Pharmacology
Pediatric allergy and immunology : official publication of the European Society of Pediatric Allergy and Immunology.,0905-6157,1399-3038,Allergy and Immunology; Pediatrics
"Pediatric allergy, immunology, and pulmonology.",2151-321X,2151-3228,Allergy and Immunology; Pediatrics; Pulmonary Medicine
Recent advances in inflammation & allergy drug discovery.,2772-2708,2772-2716,Allergy and Immunology; Pharmacology
International immunopharmacology.,1567-5769,1878-1705,Allergy and Immunology; Pharmacology
Immunopharmacology and immunotoxicology.,0892-3973,1532-2513,Allergy and Immunology; Pharmacology; Toxicology
Advances in respiratory medicine.,2451-4934,2543-6031,Allergy and Immunology; Pulmonary Medicine
Current allergy and asthma reports.,1529-7322,1534-6315,Allergy and Immunology; Pulmonary Medicine
Allergy and asthma proceedings :,1088-5412,1539-6304,Allergy and Immunology; Pulmonary Medicine
"Annals of allergy, asthma & immunology : official publication of the American College of Allergy, Asthma, & Immunology.",1081-1206,1534-4436,Allergy and Immunology; Pulmonary Medicine
The Journal of asthma : official journal of the Association for the Care of Asthma.,0277-0903,1532-4303,Allergy and Immunology; Pulmonary Medicine
American journal of reproductive immunology : AJRI.,1046-7408,1600-0897,Allergy and Immunology; Reproductive Medicine
Journal of reproductive immunology.,0165-0378,1872-7603,Allergy and Immunology; Reproductive Medicine
Lupus science & medicine.,,2053-8790,Allergy and Immunology; Rheumatology
Biologicals : journal of the International Association of Biological Standardization.,1045-1056,1095-8320,Allergy and Immunology; Technology
Immunotherapy.,1750-743X,1750-7448,Allergy and Immunology; Therapeutics
Journal of immunotoxicology.,1547-691X,1547-6901,Allergy and Immunology; Toxicology
Transplant immunology.,0966-3274,1878-5492,Allergy and Immunology; Transplantation
Immunological reviews.,0105-2896,1600-065X,Allergy and Immunology; Transplantation
Veterinary immunology and immunopathology.,0165-2427,1873-2534,Allergy and Immunology; Veterinary Medicine
Viral immunology.,0882-8245,1557-8976,Allergy and Immunology; Virology
Fish & shellfish immunology.,1050-4648,1095-9947,Allergy and Immunology; Zoology
